0,0,1,3,1
0,1,0,0,0
0,2,0,0,0
0,3,0,0,0
0,4,19.732501569116764,20.200400801604005,0
0,5,-29.888606040912698,-26.26052104208625,0
0,6,16.249395452273571,12.008016032065939,-0
0,7,-3.0932909804776383,-1.9478957915836956,0
1,0,4,7,1
1,1,5.3303119222015516,7.9118236472945584,0
1,2,-1.709229800353236,-2.1883767535070002,0
1,3,-3.2333294039057989,-9.8196392785570392,-0
1,4,5.7652188319408086,0.84168336673332822,0
1,5,2.6486560826999459,4.8817635270542841,0
1,6,-5.4036414110674951,-1.6272545090181694,-0
1,7,1.602013778484225,3.903790790821074e-14,-0
2,0,9,7,1
2,1,7.3082678340252469,-7.9118236472945735,0
2,2,2.256323988729974,-2.1883767535070389,0
2,3,-5.6882392235451258,9.8196392785570907,0
2,4,-5.9756396736242108,0.8416833667335808,0
2,5,3.8690969644649407,-4.881763527054261,0
2,6,5.8104550383219049,-1.62725450901794,-0
2,7,-3.5802649283727299,1.947895791583143,-0
